{"cameraMode":{"drawMode":0,"name":"Shaded","section":"Shading Mode"},"sceneLighting":false,"audioPlay":false,"sceneViewState":{"m_AlwaysRefresh":false,"showFog":true,"showSkybox":false,"showFlares":true,"showImageEffects":true,"showParticleSystems":true,"showVisualEffectGraphs":true,"m_FxEnabled":true},"in2DMode":false,"pivot":{"x":1.5186728239059449,"y":-0.5045363903045654,"z":-1.1815965175628663},"rotation":{"x":0.3052378296852112,"y":0.3021515905857086,"z":-0.10054560005664826,"w":0.8980433344841003},"size":0.7141428589820862,"orthographic":true}